[
{
    "pk": 1, 
    "model": "dashboard.person", 
    "fields": {
        "username": "andrewtorkbaker", 
        "trello_id": "5048185bf9a06656044b65bf", 
        "name": "Andrew T. Baker"
    }
},
{
    "pk": 2, 
    "model": "dashboard.person", 
    "fields": {
        "username": "danford", 
        "trello_id": "5185230490fa2dfa78002a10", 
        "name": "Dan Ford"
    }
},
{
    "pk": 3, 
    "model": "dashboard.person", 
    "fields": {
        "username": "dlgarber", 
        "trello_id": "501fe0f88f5bf8bc51bc9a0f", 
        "name": "David Garber"
    }
},
{
    "pk": 4, 
    "model": "dashboard.person", 
    "fields": {
        "username": "eduardoerazo", 
        "trello_id": "51112f555ad523f36200c3f8", 
        "name": "Eduardo Erazo"
    }
},
{
    "pk": 1, 
    "model": "dashboard.board", 
    "fields": {
        "updated": "2013-08-23T14:16:26.356", 
        "trello_id": "5185220b33d045bd69006d8d", 
        "title": "Excello"
    }
},
{
    "pk": 1, 
    "model": "dashboard.list", 
    "fields": {
        "trello_id": "5185220b33d045bd69006d8e", 
        "board": 1, 
        "title": "Backlog"
    }
},
{
    "pk": 2, 
    "model": "dashboard.list", 
    "fields": {
        "trello_id": "5185220b33d045bd69006d8f", 
        "board": 1, 
        "title": "Doing"
    }
},
{
    "pk": 3, 
    "model": "dashboard.list", 
    "fields": {
        "trello_id": "5185220b33d045bd69006d90", 
        "board": 1, 
        "title": "Done"
    }
},
{
    "pk": 1, 
    "model": "dashboard.story", 
    "fields": {
        "due_date": null, 
        "current_list": 1, 
        "description": "", 
        "title": "Sprint 2 Planning", 
        "trello_id": "5187cc467ad3afa5690051e4", 
        "updated": "2013-05-06T15:29:10.015", 
        "persons": [
            2, 
            3
        ], 
        "board": 1
    }
},
{
    "pk": 2, 
    "model": "dashboard.story", 
    "fields": {
        "due_date": null, 
        "current_list": 1, 
        "description": "This is a big one, because it involves thinking about what kinds of features we'll need in the app long-term.\n\nUsing a web framework that's lighter than Django could be a better fit for this app:\n\n* We won't store much data (beyond keys for the Trello boards we want to display in it and maybe some user authentication)\n* We won't be accepting much, if any input through forms\n* Our templates and views are relatively simple\n\nI don't have much experience with Flask (http://flask.pocoo.org/), but it could be the right fit for this. You could try checking out some Flask tutorials - here's one that got a lot of hype recently: http://blog.miguelgrinberg.com/post/the-flask-mega-tutorial-part-i-hello-world", 
        "title": "Consider using Flask instead of Django", 
        "trello_id": "51893c96fe7c086f1a0053e2", 
        "updated": "2013-05-07T17:40:38.679", 
        "persons": [
            1, 
            2
        ], 
        "board": 1
    }
},
{
    "pk": 3, 
    "model": "dashboard.story", 
    "fields": {
        "due_date": null, 
        "current_list": 1, 
        "description": "This one's all about security. It's a bad practice to hard code things into your source code like Django secret keys, AWS keys, or anything like that. We should move those to environment config variables locally and in Heroku.\n\nHere's how to do it in Heroku: https://devcenter.heroku.com/articles/config-vars\n\nThe top section of this article and the \"Using Foreman\" part of the \"local config\" section are pretty good instructions.", 
        "title": "Put secret keys and other sensitive configuration data in environment variables rather than source code", 
        "trello_id": "51893f0fe187a503790142d2", 
        "updated": "2013-05-07T17:51:11.868", 
        "persons": [
            2
        ], 
        "board": 1
    }
},
{
    "pk": 4, 
    "model": "dashboard.story", 
    "fields": {
        "due_date": "2013-08-21", 
        "current_list": 1, 
        "description": "", 
        "title": "Figure out why connection won't refresh", 
        "trello_id": "518560092dfca00779007876", 
        "updated": "2013-08-20T20:48:50.422", 
        "persons": [
            2
        ], 
        "board": 1
    }
},
{
    "pk": 5, 
    "model": "dashboard.story", 
    "fields": {
        "due_date": null, 
        "current_list": 1, 
        "description": "", 
        "title": "Move github repo to ExcellaCo organization", 
        "trello_id": "518944773a1783a70c009f73", 
        "updated": "2013-05-07T18:14:15.774", 
        "persons": [
            1
        ], 
        "board": 1
    }
},
{
    "pk": 6, 
    "model": "dashboard.story", 
    "fields": {
        "due_date": null, 
        "current_list": 1, 
        "description": "do it", 
        "title": "Write-up current status", 
        "trello_id": "518cfb58512025651a005777", 
        "updated": "2013-08-21T18:55:45.588", 
        "persons": [
            2
        ], 
        "board": 1
    }
},
{
    "pk": 7, 
    "model": "dashboard.story", 
    "fields": {
        "due_date": null, 
        "current_list": 1, 
        "description": "", 
        "title": "Create (or access) an Excella Trello account that accesses the Trello data, instead of a personal account", 
        "trello_id": "52150dfe50be30e1600012e2", 
        "updated": "2013-08-23T14:16:26.356", 
        "persons": [], 
        "board": 1
    }
},
{
    "pk": 8, 
    "model": "dashboard.story", 
    "fields": {
        "due_date": "2013-08-07", 
        "current_list": 2, 
        "description": "The wrapper we used during the hackathon had some limitations. We should do a quick pass on the others to make sure we're not missing a better option. Here are the ones Trello lists:\n\n* https://github.com/sarumont/py-trello (Python)\n* https://github.com/plish/Trolly (Python)\n* https://bitbucket.org/btubbs/trollop (Python) <- the one we used\n\nIf we think none of these work especially well, we should consider extending one that's already out there (and contributing our improvements back to it) or creating our own.\n\nThe last option is a lot of effort, so hopefully it won't come to that, but we at least need to take one more look at the options that are already out there.", 
        "title": "Consider using a different Python API wrapper - or build our own", 
        "trello_id": "51893de31a3c51507b008bbb", 
        "updated": "2013-08-22T16:59:40.036", 
        "persons": [
            2
        ], 
        "board": 1
    }
},
{
    "pk": 9, 
    "model": "dashboard.story", 
    "fields": {
        "due_date": null, 
        "current_list": 2, 
        "description": "You'll need to set up your own S3 bucket, but you should be able to easily identify the sections of the code that you need to change things over to your bucket.\n\nOne of the trickiest things in Django configuration is managing your development vs. production static file settings. Once you get your bucket set up (and can sync to it with the \"manage.py collectstatic\" command), we should talk about how to manage it best in the code.", 
        "title": "Move to Dan's (or someone else's) Amazon S3 account", 
        "trello_id": "51893c88510218f078008f70", 
        "updated": "2013-05-07T17:40:24.613", 
        "persons": [
            2
        ], 
        "board": 1
    }
},
{
    "pk": 10, 
    "model": "dashboard.story", 
    "fields": {
        "due_date": "2013-05-07", 
        "current_list": 3, 
        "description": "http://stackoverflow.com/questions/10441838/google-chart-tools-how-to-create-stacked-bar-chart\n\n3 Levels stacked: # stories done (green), # stories undone but not due yet (yellow), # stories not done, past due (red)", 
        "title": "Change the graph to a stacked column graph showing completed vs. to-do", 
        "trello_id": "5187ef410d5c575e5200e299", 
        "updated": "2013-05-06T17:58:25.759", 
        "persons": [
            2
        ], 
        "board": 1
    }
},
{
    "pk": 11, 
    "model": "dashboard.story", 
    "fields": {
        "due_date": null, 
        "current_list": 3, 
        "description": "I highly recommend working in a Virtualized (not real) Linux environment. Here's how I would do it:\n\n* Download VirtualBox: https://www.virtualbox.org/\n* Download a .iso file for Ubuntu 12.04 LTS 64-bit: http://www.ubuntu.com/download/desktop (assuming you have a 64-bit laptop - otherwise, go for 32-bit)\n* Create the VirtualBox and install Ubuntu (lots of instructions for doing this out on the web)\n* Get settled in your virtual Ubuntu machine (don't forget to install the VirtualBox guest additions!)\n* Install a text editor of your choice. We recommend Sublime Text 2 for new developers: http://www.sublimetext.com/2 (if you like it, you can expense in the license fee)\n* Install the basic tools for Python development: pip, virtualenv, virtualenvwrapper, git\n* Try cloning the Excello repository and see if you can get it running locally\n\nIf you can do all those things, then your environment should be in good shape. One of the great things about working in VirtualBox is that if you ever get a new laptop, you can move your entire development environment without missing a beat.\n", 
        "title": "Set up Dan's development environment", 
        "trello_id": "5189421f44b09df753011ce6", 
        "updated": "2013-05-07T18:04:15.288", 
        "persons": [
            2
        ], 
        "board": 1
    }
},
{
    "pk": 12, 
    "model": "dashboard.story", 
    "fields": {
        "due_date": null, 
        "current_list": 3, 
        "description": "", 
        "title": "Give Dan some startup tasks to continue development and set up his environment", 
        "trello_id": "518944472c35f23351013b87", 
        "updated": "2013-05-07T18:13:27.585", 
        "persons": [
            1
        ], 
        "board": 1
    }
},
{
    "pk": 13, 
    "model": "dashboard.story", 
    "fields": {
        "due_date": null, 
        "current_list": 3, 
        "description": "", 
        "title": "Add a Label Pie chart", 
        "trello_id": "51890e54661bac31510083ab", 
        "updated": "2013-05-07T14:23:16.019", 
        "persons": [
            2
        ], 
        "board": 1
    }
},
{
    "pk": 14, 
    "model": "dashboard.story", 
    "fields": {
        "due_date": null, 
        "current_list": 3, 
        "description": "", 
        "title": "Give Dan Heroku admin access", 
        "trello_id": "51893c7a9cb82f9869013630", 
        "updated": "2013-05-07T17:40:10.126", 
        "persons": [
            1
        ], 
        "board": 1
    }
},
{
    "pk": 15, 
    "model": "dashboard.story", 
    "fields": {
        "due_date": "2013-05-07", 
        "current_list": 3, 
        "description": "", 
        "title": "Prepare Draft Pitch", 
        "trello_id": "51853c107923899e7b00364a", 
        "updated": "2013-05-04T16:49:20.461", 
        "persons": [
            3, 
            4
        ], 
        "board": 1
    }
},
{
    "pk": 16, 
    "model": "dashboard.story", 
    "fields": {
        "due_date": null, 
        "current_list": 3, 
        "description": "", 
        "title": "User Stories per Team Member", 
        "trello_id": "51853abde57c415f51002f3f", 
        "updated": "2013-05-04T16:43:41.113", 
        "persons": [
            1, 
            2
        ], 
        "board": 1
    }
},
{
    "pk": 17, 
    "model": "dashboard.story", 
    "fields": {
        "due_date": null, 
        "current_list": 3, 
        "description": "", 
        "title": "Stand up Django", 
        "trello_id": "51853ae8b3c338d169003201", 
        "updated": "2013-05-04T16:44:24.174", 
        "persons": [
            2
        ], 
        "board": 1
    }
},
{
    "pk": 18, 
    "model": "dashboard.story", 
    "fields": {
        "due_date": "2013-05-06", 
        "current_list": 3, 
        "description": "", 
        "title": "Fix date comparison so current day items are considered late/unfinished", 
        "trello_id": "518813fbe49431983600ac59", 
        "updated": "2013-05-06T20:35:07.687", 
        "persons": [
            2
        ], 
        "board": 1
    }
},
{
    "pk": 19, 
    "model": "dashboard.story", 
    "fields": {
        "due_date": null, 
        "current_list": 3, 
        "description": "", 
        "title": "Change it to say \"user stories\" not \"user stores\"", 
        "trello_id": "5187f336f37e19cc0c005c8e", 
        "updated": "2013-05-06T18:15:18.101", 
        "persons": [
            2
        ], 
        "board": 1
    }
},
{
    "pk": 20, 
    "model": "dashboard.story", 
    "fields": {
        "due_date": "2013-05-03", 
        "current_list": 3, 
        "description": "", 
        "title": "Win Hackathon", 
        "trello_id": "51856200be09b79a78007b75", 
        "updated": "2013-05-04T19:31:12.219", 
        "persons": [
            1, 
            2, 
            3, 
            4
        ], 
        "board": 1
    }
},
{
    "pk": 21, 
    "model": "dashboard.story", 
    "fields": {
        "due_date": null, 
        "current_list": 3, 
        "description": "", 
        "title": "Make it so the \"past due\" section only includes stories that aren't in the Done section", 
        "trello_id": "5187ef1e23195de5780057e4", 
        "updated": "2013-05-06T17:57:50.904", 
        "persons": [
            2
        ], 
        "board": 1
    }
},
{
    "pk": 22, 
    "model": "dashboard.story", 
    "fields": {
        "due_date": "2013-05-03", 
        "current_list": 3, 
        "description": "* Set up build environment\n* Use Heroku + S3 for static?", 
        "title": "Build environment", 
        "trello_id": "5185230d7c0ca01d27002a9b", 
        "updated": "2013-05-04T15:02:37.204", 
        "persons": [
            1
        ], 
        "board": 1
    }
},
{
    "pk": 23, 
    "model": "dashboard.story", 
    "fields": {
        "due_date": null, 
        "current_list": 3, 
        "description": "", 
        "title": "Develop Logo", 
        "trello_id": "518553b6d57759ed78003404", 
        "updated": "2013-05-04T18:30:14.946", 
        "persons": [
            4
        ], 
        "board": 1
    }
},
{
    "pk": 24, 
    "model": "dashboard.story", 
    "fields": {
        "due_date": "2013-05-02", 
        "current_list": 3, 
        "description": "", 
        "title": "Use API to connect to Trello board", 
        "trello_id": "51852305597de45124004802", 
        "updated": "2013-05-04T15:02:29.391", 
        "persons": [
            1
        ], 
        "board": 1
    }
},
{
    "pk": 25, 
    "model": "dashboard.story", 
    "fields": {
        "due_date": null, 
        "current_list": 3, 
        "description": "Single View with Executive Dashboard", 
        "title": "Build UX wireframes", 
        "trello_id": "51852334f2a0b1767b006f99", 
        "updated": "2013-05-04T15:03:16.551", 
        "persons": [
            3
        ], 
        "board": 1
    }
},
{
    "pk": 26, 
    "model": "dashboard.story", 
    "fields": {
        "due_date": "2013-05-04", 
        "current_list": 3, 
        "description": "", 
        "title": "Add Labels to Current Stories", 
        "trello_id": "51852f1da547cad00c006e08", 
        "updated": "2013-05-04T15:54:05.238", 
        "persons": [
            3
        ], 
        "board": 1
    }
},
{
    "pk": 27, 
    "model": "dashboard.story", 
    "fields": {
        "due_date": null, 
        "current_list": 3, 
        "description": "**Key:** 8e08cc15f33eba483bc2ec18f5d9d2e8\n**Secret (for OAuth signing):**0d3e02fab0583c50e46330ffa2be748ed63d8d0d7bd273c21f380da79e96e1f9\n\n**Token for ATB's boards**: 546c06039131159676b3f7c41c295e6cb0529417861c27f0287122ceadcf3065\n", 
        "title": "Sign up for Trello API", 
        "trello_id": "518524020b68e23751007130", 
        "updated": "2013-05-04T15:06:42.378", 
        "persons": [
            1
        ], 
        "board": 1
    }
},
{
    "pk": 28, 
    "model": "dashboard.story", 
    "fields": {
        "due_date": null, 
        "current_list": 3, 
        "description": "", 
        "title": "Define data we want to visualize", 
        "trello_id": "51852343e187a5037900751e", 
        "updated": "2013-05-04T15:03:31.247", 
        "persons": [
            3
        ], 
        "board": 1
    }
},
{
    "pk": 29, 
    "model": "dashboard.story", 
    "fields": {
        "due_date": null, 
        "current_list": 3, 
        "description": "", 
        "title": "Create github repo", 
        "trello_id": "518523295ecbe9ef78007436", 
        "updated": "2013-05-04T15:03:05.943", 
        "persons": [
            2
        ], 
        "board": 1
    }
},
{
    "pk": 1, 
    "model": "dashboard.action", 
    "fields": {
        "story": null, 
        "trello_id": "51f18a878d1fef064a002eb2", 
        "person": 1, 
        "board": null, 
        "date": "2013-07-25T20:28:55.910", 
        "type": "addMemberToOrganization"
    }
},
{
    "pk": 2, 
    "model": "dashboard.action", 
    "fields": {
        "story": null, 
        "trello_id": "519d34663a4ac1d22d00090a", 
        "person": 1, 
        "board": null, 
        "date": "2013-05-22T21:11:02.062", 
        "type": "addMemberToOrganization"
    }
},
{
    "pk": 3, 
    "model": "dashboard.action", 
    "fields": {
        "story": 5, 
        "trello_id": "5189447ac66958ea380038de", 
        "person": 1, 
        "board": 1, 
        "date": "2013-05-07T18:14:18.977", 
        "type": "addMemberToCard"
    }
},
{
    "pk": 4, 
    "model": "dashboard.action", 
    "fields": {
        "story": 5, 
        "trello_id": "518944773a1783a70c009f74", 
        "person": 1, 
        "board": 1, 
        "date": "2013-05-07T18:14:15.779", 
        "type": "createCard"
    }
},
{
    "pk": 5, 
    "model": "dashboard.action", 
    "fields": {
        "story": 12, 
        "trello_id": "5189444f732a6dc50c014ab4", 
        "person": 1, 
        "board": 1, 
        "date": "2013-05-07T18:13:35.947", 
        "type": "updateCard"
    }
},
{
    "pk": 6, 
    "model": "dashboard.action", 
    "fields": {
        "story": 12, 
        "trello_id": "5189444f732a6dc50c014ab3", 
        "person": 1, 
        "board": 1, 
        "date": "2013-05-07T18:13:35.936", 
        "type": "updateCard"
    }
},
{
    "pk": 7, 
    "model": "dashboard.action", 
    "fields": {
        "story": 12, 
        "trello_id": "5189444cbe09b79a7801482b", 
        "person": 1, 
        "board": 1, 
        "date": "2013-05-07T18:13:32.426", 
        "type": "addMemberToCard"
    }
},
{
    "pk": 8, 
    "model": "dashboard.action", 
    "fields": {
        "story": 12, 
        "trello_id": "518944472c35f23351013b88", 
        "person": 1, 
        "board": 1, 
        "date": "2013-05-07T18:13:27.591", 
        "type": "createCard"
    }
},
{
    "pk": 9, 
    "model": "dashboard.action", 
    "fields": {
        "story": 11, 
        "trello_id": "5189442f826130ba71008e53", 
        "person": 1, 
        "board": 1, 
        "date": "2013-05-07T18:13:03.582", 
        "type": "updateCard"
    }
},
{
    "pk": 10, 
    "model": "dashboard.action", 
    "fields": {
        "story": 11, 
        "trello_id": "51894429826130ba71008e50", 
        "person": 1, 
        "board": 1, 
        "date": "2013-05-07T18:12:57.572", 
        "type": "commentCard"
    }
},
{
    "pk": 11, 
    "model": "dashboard.action", 
    "fields": {
        "story": 11, 
        "trello_id": "5189437fc03a081a51008de7", 
        "person": 1, 
        "board": 1, 
        "date": "2013-05-07T18:10:07.351", 
        "type": "updateCard"
    }
},
{
    "pk": 12, 
    "model": "dashboard.action", 
    "fields": {
        "story": 11, 
        "trello_id": "51894221128506fc0c008b6f", 
        "person": 1, 
        "board": 1, 
        "date": "2013-05-07T18:04:17.164", 
        "type": "addMemberToCard"
    }
},
{
    "pk": 13, 
    "model": "dashboard.action", 
    "fields": {
        "story": 7, 
        "trello_id": "52176ebac847d8770200031b", 
        "person": 2, 
        "board": 1, 
        "date": "2013-08-23T14:16:26.358", 
        "type": "commentCard"
    }
},
{
    "pk": 14, 
    "model": "dashboard.action", 
    "fields": {
        "story": 8, 
        "trello_id": "5216437c9e530f1703003857", 
        "person": 2, 
        "board": 1, 
        "date": "2013-08-22T16:59:40.034", 
        "type": "updateCard"
    }
},
{
    "pk": 15, 
    "model": "dashboard.action", 
    "fields": {
        "story": 8, 
        "trello_id": "52163ff390ae833725001343", 
        "person": 2, 
        "board": 1, 
        "date": "2013-08-22T16:44:35.139", 
        "type": "updateCard"
    }
},
{
    "pk": 16, 
    "model": "dashboard.action", 
    "fields": {
        "story": 8, 
        "trello_id": "5215261ab05ca73908001958", 
        "person": 2, 
        "board": 1, 
        "date": "2013-08-21T20:42:02.049", 
        "type": "updateCard"
    }
},
{
    "pk": 17, 
    "model": "dashboard.action", 
    "fields": {
        "story": 8, 
        "trello_id": "5215225d62ccf41e71001ada", 
        "person": 2, 
        "board": 1, 
        "date": "2013-08-21T20:26:05.040", 
        "type": "updateCard"
    }
},
{
    "pk": 18, 
    "model": "dashboard.action", 
    "fields": {
        "story": 8, 
        "trello_id": "521521396595f8eb6b001815", 
        "person": 2, 
        "board": 1, 
        "date": "2013-08-21T20:21:13.354", 
        "type": "updateCard"
    }
},
{
    "pk": 19, 
    "model": "dashboard.action", 
    "fields": {
        "story": 8, 
        "trello_id": "52151e04e66b3e0e7100165b", 
        "person": 2, 
        "board": 1, 
        "date": "2013-08-21T20:07:32.755", 
        "type": "updateCard"
    }
},
{
    "pk": 20, 
    "model": "dashboard.action", 
    "fields": {
        "story": 7, 
        "trello_id": "52150dfe50be30e1600012e3", 
        "person": 2, 
        "board": 1, 
        "date": "2013-08-21T18:59:10.060", 
        "type": "createCard"
    }
},
{
    "pk": 21, 
    "model": "dashboard.action", 
    "fields": {
        "story": 6, 
        "trello_id": "52150d31c5f1160671001260", 
        "person": 2, 
        "board": 1, 
        "date": "2013-08-21T18:55:45.593", 
        "type": "updateCard"
    }
},
{
    "pk": 22, 
    "model": "dashboard.action", 
    "fields": {
        "story": 8, 
        "trello_id": "521506f2b1c5ccbe75001153", 
        "person": 2, 
        "board": 1, 
        "date": "2013-08-21T18:29:06.247", 
        "type": "updateCard"
    }
},
{
    "pk": 23, 
    "model": "dashboard.action", 
    "fields": {
        "story": 4, 
        "trello_id": "5213d632998eba57490010d7", 
        "person": 2, 
        "board": 1, 
        "date": "2013-08-20T20:48:50.419", 
        "type": "updateCard"
    }
},
{
    "pk": 24, 
    "model": "dashboard.action", 
    "fields": {
        "story": 6, 
        "trello_id": "518cfb5d87092e331e00594c", 
        "person": 2, 
        "board": 1, 
        "date": "2013-05-10T13:51:25.981", 
        "type": "addMemberToCard"
    }
},
{
    "pk": 25, 
    "model": "dashboard.action", 
    "fields": {
        "story": 6, 
        "trello_id": "518cfb58512025651a005778", 
        "person": 2, 
        "board": 1, 
        "date": "2013-05-10T13:51:20.936", 
        "type": "createCard"
    }
},
{
    "pk": 26, 
    "model": "dashboard.action", 
    "fields": {
        "story": 8, 
        "trello_id": "518abaa78d09d6390d001b1b", 
        "person": 2, 
        "board": 1, 
        "date": "2013-05-08T20:50:47.186", 
        "type": "updateCard"
    }
},
{
    "pk": 27, 
    "model": "dashboard.action", 
    "fields": {
        "story": 13, 
        "trello_id": "518ab9a39d0aeb631a001b92", 
        "person": 2, 
        "board": 1, 
        "date": "2013-05-08T20:46:27.980", 
        "type": "updateCard"
    }
},
{
    "pk": 28, 
    "model": "dashboard.action", 
    "fields": {
        "story": 13, 
        "trello_id": "518ab9a39d0aeb631a001b91", 
        "person": 2, 
        "board": 1, 
        "date": "2013-05-08T20:46:27.970", 
        "type": "updateCard"
    }
},
{
    "pk": 29, 
    "model": "dashboard.action", 
    "fields": {
        "story": 13, 
        "trello_id": "518aa156bdfa206d1e00121b", 
        "person": 2, 
        "board": 1, 
        "date": "2013-05-08T19:02:46.878", 
        "type": "updateCard"
    }
},
{
    "pk": 30, 
    "model": "dashboard.action", 
    "fields": {
        "story": 13, 
        "trello_id": "518aa156bdfa206d1e00121a", 
        "person": 2, 
        "board": 1, 
        "date": "2013-05-08T19:02:46.866", 
        "type": "updateCard"
    }
},
{
    "pk": 31, 
    "model": "dashboard.action", 
    "fields": {
        "story": 13, 
        "trello_id": "518aa15523130d5e32000e03", 
        "person": 2, 
        "board": 1, 
        "date": "2013-05-08T19:02:45.099", 
        "type": "updateCard"
    }
},
{
    "pk": 32, 
    "model": "dashboard.action", 
    "fields": {
        "story": 9, 
        "trello_id": "518a671da4b68413320000b0", 
        "person": 2, 
        "board": 1, 
        "date": "2013-05-08T14:54:21.890", 
        "type": "updateCard"
    }
},
{
    "pk": 33, 
    "model": "dashboard.action", 
    "fields": {
        "story": 11, 
        "trello_id": "518a66fc5ed7a058320000c4", 
        "person": 2, 
        "board": 1, 
        "date": "2013-05-08T14:53:48.816", 
        "type": "updateCard"
    }
},
{
    "pk": 34, 
    "model": "dashboard.action", 
    "fields": {
        "story": 11, 
        "trello_id": "518a66fc5ed7a058320000c3", 
        "person": 2, 
        "board": 1, 
        "date": "2013-05-08T14:53:48.775", 
        "type": "updateCard"
    }
},
{
    "pk": 35, 
    "model": "dashboard.action", 
    "fields": {
        "story": 11, 
        "trello_id": "51895fea4683e7ae1600086f", 
        "person": 2, 
        "board": 1, 
        "date": "2013-05-07T20:11:22.135", 
        "type": "updateCard"
    }
},
{
    "pk": 36, 
    "model": "dashboard.action", 
    "fields": {
        "story": 10, 
        "trello_id": "51895fdb2c5658c04600080f", 
        "person": 2, 
        "board": 1, 
        "date": "2013-05-07T20:11:07.724", 
        "type": "updateCard"
    }
},
{
    "pk": 37, 
    "model": "dashboard.action", 
    "fields": {
        "story": 10, 
        "trello_id": "51895fdb2c5658c04600080e", 
        "person": 2, 
        "board": 1, 
        "date": "2013-05-07T20:11:07.713", 
        "type": "updateCard"
    }
},
{
    "pk": 38, 
    "model": "dashboard.action", 
    "fields": {
        "story": 11, 
        "trello_id": "5189421f44b09df753011ce7", 
        "person": 1, 
        "board": 1, 
        "date": "2013-05-07T18:04:15.315", 
        "type": "createCard"
    }
},
{
    "pk": 39, 
    "model": "dashboard.action", 
    "fields": {
        "story": 1, 
        "trello_id": "518941188fac8856510144e0", 
        "person": 1, 
        "board": 1, 
        "date": "2013-05-07T17:59:52.518", 
        "type": "commentCard"
    }
},
{
    "pk": 40, 
    "model": "dashboard.action", 
    "fields": {
        "story": null, 
        "trello_id": "518940d34e2239a87b0135d8", 
        "person": 1, 
        "board": 1, 
        "date": "2013-05-07T17:58:43.292", 
        "type": "updateBoard"
    }
},
{
    "pk": 41, 
    "model": "dashboard.action", 
    "fields": {
        "story": null, 
        "trello_id": "518940cd11bae3e469008b62", 
        "person": 1, 
        "board": 1, 
        "date": "2013-05-07T17:58:37.728", 
        "type": "updateBoard"
    }
},
{
    "pk": 42, 
    "model": "dashboard.action", 
    "fields": {
        "story": 3, 
        "trello_id": "51894081dfd6d8f12c01438d", 
        "person": 1, 
        "board": 1, 
        "date": "2013-05-07T17:57:21.398", 
        "type": "updateCard"
    }
},
{
    "pk": 43, 
    "model": "dashboard.action", 
    "fields": {
        "story": 9, 
        "trello_id": "5189407f4af8bd4e51008bc8", 
        "person": 1, 
        "board": 1, 
        "date": "2013-05-07T17:57:19.847", 
        "type": "updateCard"
    }
},
{
    "pk": 44, 
    "model": "dashboard.action", 
    "fields": {
        "story": 1, 
        "trello_id": "5189406d5fc0e99c690088be", 
        "person": 1, 
        "board": 1, 
        "date": "2013-05-07T17:57:01.914", 
        "type": "updateCard"
    }
},
{
    "pk": 45, 
    "model": "dashboard.action", 
    "fields": {
        "story": 4, 
        "trello_id": "51894057d51773737b0092c7", 
        "person": 1, 
        "board": 1, 
        "date": "2013-05-07T17:56:39.249", 
        "type": "commentCard"
    }
},
{
    "pk": 46, 
    "model": "dashboard.action", 
    "fields": {
        "story": 9, 
        "trello_id": "5189404044b09df753011c11", 
        "person": 1, 
        "board": 1, 
        "date": "2013-05-07T17:56:16.775", 
        "type": "updateCard"
    }
},
{
    "pk": 47, 
    "model": "dashboard.action", 
    "fields": {
        "story": 3, 
        "trello_id": "51893fceeb339b2a790086a4", 
        "person": 1, 
        "board": 1, 
        "date": "2013-05-07T17:54:22.650", 
        "type": "updateCard"
    }
},
{
    "pk": 48, 
    "model": "dashboard.action", 
    "fields": {
        "story": 3, 
        "trello_id": "51893f1279a1afa20c012d53", 
        "person": 1, 
        "board": 1, 
        "date": "2013-05-07T17:51:14.986", 
        "type": "addMemberToCard"
    }
},
{
    "pk": 49, 
    "model": "dashboard.action", 
    "fields": {
        "story": 3, 
        "trello_id": "51893f0fe187a503790142d3", 
        "person": 1, 
        "board": 1, 
        "date": "2013-05-07T17:51:11.878", 
        "type": "createCard"
    }
},
{
    "pk": 50, 
    "model": "dashboard.action", 
    "fields": {
        "story": 14, 
        "trello_id": "51893ef0c03a081a51008d43", 
        "person": 1, 
        "board": 1, 
        "date": "2013-05-07T17:50:40.127", 
        "type": "updateCard"
    }
},
{
    "pk": 51, 
    "model": "dashboard.action", 
    "fields": {
        "story": 14, 
        "trello_id": "51893ef0c03a081a51008d42", 
        "person": 1, 
        "board": 1, 
        "date": "2013-05-07T17:50:40.118", 
        "type": "updateCard"
    }
},
{
    "pk": 52, 
    "model": "dashboard.action", 
    "fields": {
        "story": 8, 
        "trello_id": "51893e809cb24815790091c2", 
        "person": 1, 
        "board": 1, 
        "date": "2013-05-07T17:48:48.571", 
        "type": "updateCard"
    }
}
]
